{"vertices": [0.0, 10.0, 0.0, 0.0, -10.0, 0.0, 1.8, 10.0, 0.0, 3.5, -10.0, 0.0, 1.662983158520316, 10.0, 0.6888301782571616, 3.2335783637895035, -10.0, 1.3393920132778143, 1.2727922061357857, 10.0, 1.2727922061357857, 2.4748737341529163, -10.0, 2.4748737341529163, 0.6888301782571618, 10.0, 1.662983158520316, 1.3393920132778145, -10.0, 3.2335783637895035, 1.1021821192326179e-16, 10.0, 1.8, 2.143131898507868e-16, -10.0, 3.5, -0.6888301782571615, 10.0, 1.662983158520316, -1.339392013277814, -10.0, 3.2335783637895035, -1.2727922061357855, 10.0, 1.2727922061357857, -2.474873734152916, -10.0, 2.4748737341529163, -1.662983158520316, 10.0, 0.6888301782571619, -3.2335783637895035, -10.0, 1.3393920132778145, -1.8, 10.0, 2.2043642384652358e-16, -3.5, -10.0, 4.286263797015736e-16, -1.6629831585203163, 10.0, -0.6888301782571614, -3.233578363789504, -10.0, -1.3393920132778139, -1.272792206135786, 10.0, -1.2727922061357855, -2.474873734152917, -10.0, -2.474873734152916, -0.6888301782571626, 10.0, -1.6629831585203159, -1.339392013277816, -10.0, -3.233578363789503, -3.3065463576978537e-16, 10.0, -1.8, -6.429395695523604e-16, -10.0, -3.5, 0.688830178257162, 10.0, -1.6629831585203159, 1.339392013277815, -10.0, -3.233578363789503, 1.2727922061357853, 10.0, -1.272792206135786, 2.474873734152916, -10.0, -2.474873734152917, 1.6629831585203159, 10.0, -0.6888301782571628, 3.233578363789503, -10.0, -1.3393920132778163], "indices": [2, 3, 5, 2, 5, 4, 0, 2, 4, 1, 5, 3, 4, 5, 7, 4, 7, 6, 0, 4, 6, 1, 7, 5, 6, 7, 9, 6, 9, 8, 0, 6, 8, 1, 9, 7, 8, 9, 11, 8, 11, 10, 0, 8, 10, 1, 11, 9, 10, 11, 13, 10, 13, 12, 0, 10, 12, 1, 13, 11, 12, 13, 15, 12, 15, 14, 0, 12, 14, 1, 15, 13, 14, 15, 17, 14, 17, 16, 0, 14, 16, 1, 17, 15, 16, 17, 19, 16, 19, 18, 0, 16, 18, 1, 19, 17, 18, 19, 21, 18, 21, 20, 0, 18, 20, 1, 21, 19, 20, 21, 23, 20, 23, 22, 0, 20, 22, 1, 23, 21, 22, 23, 25, 22, 25, 24, 0, 22, 24, 1, 25, 23, 24, 25, 27, 24, 27, 26, 0, 24, 26, 1, 27, 25, 26, 27, 29, 26, 29, 28, 0, 26, 28, 1, 29, 27, 28, 29, 31, 28, 31, 30, 0, 28, 30, 1, 31, 29, 30, 31, 33, 30, 33, 32, 0, 30, 32, 1, 33, 31, 32, 33, 3, 32, 3, 2, 0, 32, 2, 1, 3, 33]}