{"vertices": [0.0, 1.5, 0.0, 0.0, -1.5, 0.0, 1.5, 1.5, 0.0, 1.5, -1.5, 0.0, 1.299038105676658, 1.5, 0.7499999999999999, 1.299038105676658, -1.5, 0.7499999999999999, 0.7500000000000002, 1.5, 1.299038105676658, 0.7500000000000002, -1.5, 1.299038105676658, 9.184850993605148e-17, 1.5, 1.5, 9.184850993605148e-17, -1.5, 1.5, -0.7499999999999997, 1.5, 1.299038105676658, -0.7499999999999997, -1.5, 1.299038105676658, -1.299038105676658, 1.5, 0.7499999999999999, -1.299038105676658, -1.5, 0.7499999999999999, -1.5, 1.5, 1.8369701987210297e-16, -1.5, -1.5, 1.8369701987210297e-16, -1.2990381056766582, 1.5, -0.7499999999999996, -1.2990381056766582, -1.5, -0.7499999999999996, -0.7500000000000007, 1.5, -1.2990381056766578, -0.7500000000000007, -1.5, -1.2990381056766578, -2.755455298081545e-16, 1.5, -1.5, -2.755455298081545e-16, -1.5, -1.5, 0.7500000000000002, 1.5, -1.299038105676658, 0.7500000000000002, -1.5, -1.299038105676658, 1.2990381056766576, 1.5, -0.7500000000000007, 1.2990381056766576, -1.5, -0.7500000000000007], "indices": [2, 3, 5, 2, 5, 4, 0, 2, 4, 1, 5, 3, 4, 5, 7, 4, 7, 6, 0, 4, 6, 1, 7, 5, 6, 7, 9, 6, 9, 8, 0, 6, 8, 1, 9, 7, 8, 9, 11, 8, 11, 10, 0, 8, 10, 1, 11, 9, 10, 11, 13, 10, 13, 12, 0, 10, 12, 1, 13, 11, 12, 13, 15, 12, 15, 14, 0, 12, 14, 1, 15, 13, 14, 15, 17, 14, 17, 16, 0, 14, 16, 1, 17, 15, 16, 17, 19, 16, 19, 18, 0, 16, 18, 1, 19, 17, 18, 19, 21, 18, 21, 20, 0, 18, 20, 1, 21, 19, 20, 21, 23, 20, 23, 22, 0, 20, 22, 1, 23, 21, 22, 23, 25, 22, 25, 24, 0, 22, 24, 1, 25, 23, 24, 25, 3, 24, 3, 2, 0, 24, 2, 1, 3, 25]}