{"vertices": [0.0, 1.25, 0.0, 0.0, -1.25, 0.0, 0.0, 1.25, 0.0, 2.0, -1.25, 0.0, 0.0, 1.25, 0.0, 1.7320508075688774, -1.25, 0.9999999999999999, 0.0, 1.25, 0.0, 1.0000000000000002, -1.25, 1.7320508075688772, 0.0, 1.25, 0.0, 1.2246467991473532e-16, -1.25, 2.0, -0.0, 1.25, 0.0, -0.9999999999999996, -1.25, 1.7320508075688774, -0.0, 1.25, 0.0, -1.7320508075688774, -1.25, 0.9999999999999999, -0.0, 1.25, 0.0, -2.0, -1.25, 2.4492935982947064e-16, -0.0, 1.25, -0.0, -1.7320508075688776, -1.25, -0.9999999999999994, -0.0, 1.25, -0.0, -1.0000000000000009, -1.25, -1.732050807568877, -0.0, 1.25, -0.0, -3.6739403974420594e-16, -1.25, -2.0, 0.0, 1.25, -0.0, 1.0000000000000002, -1.25, -1.7320508075688772, 0.0, 1.25, -0.0, 1.7320508075688767, -1.25, -1.0000000000000009], "indices": [2, 3, 5, 2, 5, 4, 0, 2, 4, 1, 5, 3, 4, 5, 7, 4, 7, 6, 0, 4, 6, 1, 7, 5, 6, 7, 9, 6, 9, 8, 0, 6, 8, 1, 9, 7, 8, 9, 11, 8, 11, 10, 0, 8, 10, 1, 11, 9, 10, 11, 13, 10, 13, 12, 0, 10, 12, 1, 13, 11, 12, 13, 15, 12, 15, 14, 0, 12, 14, 1, 15, 13, 14, 15, 17, 14, 17, 16, 0, 14, 16, 1, 17, 15, 16, 17, 19, 16, 19, 18, 0, 16, 18, 1, 19, 17, 18, 19, 21, 18, 21, 20, 0, 18, 20, 1, 21, 19, 20, 21, 23, 20, 23, 22, 0, 20, 22, 1, 23, 21, 22, 23, 25, 22, 25, 24, 0, 22, 24, 1, 25, 23, 24, 25, 3, 24, 3, 2, 0, 24, 2, 1, 3, 25]}