{"vertices": [0.0, 0.25, 0.0, 0.0, -0.25, 0.0, 2.6, 0.25, 0.0, 2.6, -0.25, 0.0, 2.4020867845293457, 0.25, 0.9949769241492334, 2.4020867845293457, -0.25, 0.9949769241492334, 1.8384776310850237, 0.25, 1.8384776310850237, 1.8384776310850237, -0.25, 1.8384776310850237, 0.9949769241492337, 0.25, 2.4020867845293457, 0.9949769241492337, -0.25, 2.4020867845293457, 1.5920408388915593e-16, 0.25, 2.6, 1.5920408388915593e-16, -0.25, 2.6, -0.9949769241492333, 0.25, 2.4020867845293457, -0.9949769241492333, -0.25, 2.4020867845293457, -1.8384776310850235, 0.25, 1.8384776310850237, -1.8384776310850235, -0.25, 1.8384776310850237, -2.4020867845293457, 0.25, 0.9949769241492338, -2.4020867845293457, -0.25, 0.9949769241492338, -2.6, 0.25, 3.1840816777831187e-16, -2.6, -0.25, 3.1840816777831187e-16, -2.402086784529346, 0.25, -0.9949769241492332, -2.402086784529346, -0.25, -0.9949769241492332, -1.838477631085024, 0.25, -1.8384776310850235, -1.838477631085024, -0.25, -1.8384776310850235, -0.9949769241492349, 0.25, -2.402086784529345, -0.9949769241492349, -0.25, -2.402086784529345, -4.776122516674677e-16, 0.25, -2.6, -4.776122516674677e-16, -0.25, -2.6, 0.994976924149234, 0.25, -2.402086784529345, 0.994976924149234, -0.25, -2.402086784529345, 1.8384776310850233, 0.25, -1.838477631085024, 1.8384776310850233, -0.25, -1.838477631085024, 2.402086784529345, 0.25, -0.9949769241492351, 2.402086784529345, -0.25, -0.9949769241492351], "indices": [2, 3, 5, 2, 5, 4, 0, 2, 4, 1, 5, 3, 4, 5, 7, 4, 7, 6, 0, 4, 6, 1, 7, 5, 6, 7, 9, 6, 9, 8, 0, 6, 8, 1, 9, 7, 8, 9, 11, 8, 11, 10, 0, 8, 10, 1, 11, 9, 10, 11, 13, 10, 13, 12, 0, 10, 12, 1, 13, 11, 12, 13, 15, 12, 15, 14, 0, 12, 14, 1, 15, 13, 14, 15, 17, 14, 17, 16, 0, 14, 16, 1, 17, 15, 16, 17, 19, 16, 19, 18, 0, 16, 18, 1, 19, 17, 18, 19, 21, 18, 21, 20, 0, 18, 20, 1, 21, 19, 20, 21, 23, 20, 23, 22, 0, 20, 22, 1, 23, 21, 22, 23, 25, 22, 25, 24, 0, 22, 24, 1, 25, 23, 24, 25, 27, 24, 27, 26, 0, 24, 26, 1, 27, 25, 26, 27, 29, 26, 29, 28, 0, 26, 28, 1, 29, 27, 28, 29, 31, 28, 31, 30, 0, 28, 30, 1, 31, 29, 30, 31, 33, 30, 33, 32, 0, 30, 32, 1, 33, 31, 32, 33, 3, 32, 3, 2, 0, 32, 2, 1, 3, 33]}